date,EURUSD,GBPUSD,USDJPY
2019-01-02,1.1357,1.2598,109.22
2019-01-03,1.1399,1.2633,108.07
2019-01-04,1.141,1.274,108.29
2019-01-07,1.1468,1.2757,108.62
2019-01-08,1.1444,1.2724,108.57
2019-01-09,1.1524,1.2764,108.38
2019-01-10,1.1517,1.2768,108.29
2019-01-11,1.1479,1.2836,108.34
2019-01-15,1.1392,1.2761,108.72
2019-01-16,1.1408,1.2862,108.84
2019-01-17,1.1386,1.294,109.01
2019-01-18,1.1362,1.2898,109.79
2019-01-22,1.1359,1.2955,109.34
2019-01-23,1.139,1.3074,109.44
2019-01-24,1.1322,1.3027,109.72
2019-01-25,1.1407,1.3176,109.6
2019-01-28,1.1438,1.3158,109.2
2019-01-29,1.1424,1.3146,109.36
2019-01-30,1.1418,1.3062,109.57
2019-01-31,1.1454,1.3135,108.84
2019-02-01,1.1474,1.3094,109.55
2019-02-04,1.1438,1.3068,109.96
2019-02-05,1.1406,1.2947,109.99
2019-02-06,1.138,1.2956,109.75
2019-02-07,1.1357,1.2966,109.7
2019-02-08,1.1326,1.2933,109.76
2019-02-11,1.1277,1.2862,110.4
2019-02-12,1.1316,1.2887,110.5
2019-02-13,1.1288,1.2865,110.86
2019-02-14,1.1284,1.2793,110.68
2019-02-15,1.1268,1.2857,110.54
2019-02-19,1.1328,1.3036,110.68
2019-02-21,1.1338,1.306,110.72
2019-02-22,1.1342,1.3067,110.7
2019-02-25,1.1345,1.3059,111.07
2019-02-26,1.1374,1.3252,110.76
2019-02-27,1.137,1.3318,110.92
2019-02-28,1.1379,1.3274,111.38
2019-03-01,1.1376,1.3222,111.89
2019-03-04,1.1328,1.3186,111.68
2019-03-05,1.13,1.3141,111.98
2019-03-06,1.132,1.3148,111.66
2019-03-07,1.1214,1.3107,111.6
2019-03-08,1.1243,1.301,111.11
2019-03-11,1.1226,1.3095,111.21
2019-03-12,1.1276,1.3101,111.38
2019-03-13,1.131,1.323,111.23
2019-03-14,1.1304,1.3281,111.71
2019-03-15,1.1326,1.3278,111.57
2019-03-18,1.1337,1.3223,111.41
2019-03-19,1.1346,1.3263,111.38
2019-03-20,1.1352,1.3191,111.41
2019-03-21,1.1361,1.3073,110.86
2019-03-22,1.1282,1.3219,109.76
2019-03-25,1.1324,1.3203,110.09
2019-03-26,1.128,1.3215,110.5
2019-03-27,1.125,1.3192,110.38
2019-03-28,1.1236,1.3088,110.54
2019-03-29,1.1228,1.3032,110.68
2019-04-01,1.121,1.3144,111.29
2019-04-02,1.1186,1.3035,111.32
2019-04-03,1.1242,1.3181,111.48
2019-04-04,1.1216,1.3072,111.55
2019-04-05,1.1217,1.301,111.71
2019-04-08,1.1262,1.3048,111.47
2019-04-09,1.1278,1.3048,111.08
2019-04-10,1.1266,1.31,110.92
2019-04-11,1.1262,1.3068,111.48
2019-04-12,1.1304,1.3086,112.0
2019-04-15,1.1304,1.3105,112.0
2019-04-16,1.1293,1.3049,111.95
2019-04-17,1.1297,1.3036,112.0
2019-04-18,1.1241,1.3003,111.94
2019-04-19,1.1246,1.3003,111.92
2019-04-22,1.1258,1.2983,111.94
2019-04-23,1.1213,1.2943,111.86
2019-04-24,1.1192,1.2947,111.81
2019-04-25,1.114,1.2901,111.59
2019-04-26,1.1154,1.293,111.6
2019-04-29,1.1166,1.2924,111.8
2019-04-30,1.1201,1.303,111.4
2019-05-01,1.1246,1.3091,111.18
2019-05-02,1.1184,1.3032,111.39
2019-05-03,1.1186,1.3139,111.28
2019-05-06,1.1197,1.3093,110.86
2019-05-07,1.1178,1.3052,110.34
2019-05-08,1.1206,1.3014,110.12
2019-05-09,1.1228,1.3013,109.55
2019-05-10,1.1241,1.3036,109.56
2019-05-13,1.1232,1.2961,109.18
2019-05-14,1.1207,1.2921,109.68
2019-05-15,1.1208,1.2878,109.58
2019-05-16,1.1178,1.2803,109.89
2019-05-17,1.1166,1.2723,109.9
2019-05-20,1.117,1.2718,109.96
2019-05-21,1.1158,1.2747,110.6
2019-05-22,1.1156,1.2674,110.28
2019-05-23,1.1172,1.2666,109.58
2019-05-24,1.1197,1.27,109.38
2019-05-28,1.1177,1.2668,109.49
2019-05-29,1.1136,1.2631,109.24
2019-05-30,1.114,1.2619,109.67
2019-05-31,1.1149,1.262,108.66
2019-06-03,1.1206,1.2621,108.39
2019-06-04,1.1236,1.2675,108.3
2019-06-05,1.1242,1.2706,108.2
2019-06-06,1.1294,1.2713,108.08
2019-06-07,1.1324,1.274,108.15
2019-06-10,1.1311,1.2684,108.56
2019-06-11,1.1316,1.2724,108.52
2019-06-12,1.131,1.2693,108.42
2019-06-13,1.1275,1.2678,108.44
2019-06-14,1.1217,1.2601,108.44
2019-06-17,1.1235,1.2568,108.56
2019-06-18,1.1196,1.2547,108.39
2019-06-19,1.1214,1.2625,108.36
2019-06-20,1.1284,1.27,107.52
2019-06-21,1.1328,1.2703,107.55
2019-06-24,1.1393,1.2728,107.36
2019-06-25,1.1386,1.2721,106.92
2019-06-26,1.139,1.2697,107.64
2019-06-27,1.1372,1.2674,107.73
2019-06-28,1.1374,1.2704,107.84
2019-07-01,1.1307,1.2644,108.42
2019-07-02,1.1301,1.2599,107.98
2019-07-03,1.1275,1.2568,107.84
2019-07-05,1.1216,1.2506,108.55
2019-07-08,1.1208,1.2503,108.72
2019-07-09,1.121,1.2463,108.78
2019-07-10,1.126,1.2507,108.44
2019-07-11,1.1261,1.2549,108.29
2019-07-12,1.1254,1.2553,108.0
2019-07-15,1.126,1.2523,107.89
2019-07-16,1.1212,1.2408,108.35
2019-07-17,1.1232,1.2438,108.1
2019-07-18,1.1228,1.2494,107.74
2019-07-19,1.122,1.25,107.78
2019-07-22,1.1214,1.2475,107.91
2019-07-23,1.1156,1.2449,108.06
2019-07-24,1.1141,1.2498,108.08
2019-07-25,1.1156,1.2471,108.58
2019-07-26,1.1121,1.2387,108.69
2019-07-29,1.1142,1.2236,108.86
2019-07-30,1.1148,1.2148,108.66
2019-07-31,1.113,1.222,108.58
2019-08-01,1.1062,1.2145,108.28
2019-08-02,1.1112,1.2132,106.64
2019-08-05,1.1197,1.2165,106.02
2019-08-06,1.1196,1.2149,106.45
2019-08-07,1.1236,1.2158,105.62
2019-08-08,1.121,1.2138,106.04
2019-08-09,1.1222,1.2085,105.3
2019-08-12,1.1212,1.207,105.38
2019-08-13,1.1182,1.2067,106.6
2019-08-14,1.1144,1.2068,105.79
2019-08-15,1.1106,1.2112,106.12
2019-08-16,1.1091,1.2152,106.34
2019-08-19,1.1096,1.2138,106.5
2019-08-20,1.1092,1.2153,106.35
2019-08-21,1.1098,1.2142,106.52
2019-08-22,1.1089,1.225,106.44
2019-08-23,1.1148,1.2261,105.3
2019-08-26,1.1112,1.2232,106.0
2019-08-27,1.1094,1.2288,105.8
2019-08-28,1.1084,1.2248,105.86
2019-08-29,1.1059,1.2197,106.5
2019-08-30,1.0989,1.2166,106.3
2019-09-03,1.0968,1.2086,105.88
2019-09-04,1.1025,1.219,106.28
2019-09-05,1.1038,1.2337,106.96
2019-09-06,1.1042,1.2299,106.8
2019-09-09,1.1056,1.2368,107.14
2019-09-10,1.1042,1.2355,107.34
2019-09-11,1.1001,1.2329,107.73
2019-09-12,1.1074,1.2357,107.97
2019-09-13,1.1074,1.2462,108.12
2019-09-16,1.1006,1.2423,107.94
2019-09-17,1.1063,1.2493,108.12
2019-09-18,1.1061,1.2478,108.17
2019-09-19,1.1046,1.2481,108.0
2019-09-20,1.1004,1.2489,107.95
2019-09-23,1.0991,1.2428,107.47
2019-09-24,1.0999,1.2475,107.32
2019-09-25,1.0949,1.2363,107.78
2019-09-26,1.0938,1.2343,107.67
2019-09-27,1.0942,1.2312,108.05
2019-09-30,1.0905,1.2305,108.11
2019-10-01,1.0932,1.2242,107.7
2019-10-02,1.0951,1.2313,107.21
2019-10-03,1.0991,1.239,106.76
2019-10-04,1.0974,1.2309,106.91
2019-10-07,1.0984,1.2322,107.06
2019-10-08,1.0949,1.2206,107.06
2019-10-09,1.0978,1.2215,107.43
2019-10-10,1.1018,1.2382,107.91
2019-10-11,1.1039,1.2683,108.52
2019-10-15,1.1036,1.2737,108.83
2019-10-16,1.1075,1.2854,108.71
2019-10-17,1.1129,1.2853,108.51
2019-10-18,1.1155,1.2904,108.44
2019-10-21,1.1145,1.2983,108.57
2019-10-22,1.1138,1.2948,108.56
2019-10-23,1.1118,1.2886,108.64
2019-10-24,1.1098,1.281,108.62
2019-10-25,1.1081,1.2833,108.75
2019-10-28,1.1094,1.286,109.02
2019-10-29,1.1117,1.2905,108.83
2019-10-30,1.1123,1.2872,108.88
2019-10-31,1.1155,1.2939,108.09
2019-11-01,1.1169,1.295,108.16
2019-11-04,1.1144,1.2906,108.56
2019-11-05,1.107,1.287,109.13
2019-11-06,1.1076,1.2872,108.86
2019-11-07,1.1045,1.2829,109.42
2019-11-08,1.1019,1.279,109.14
2019-11-12,1.1017,1.2855,109.09
2019-11-13,1.1004,1.284,108.83
2019-11-14,1.1016,1.2879,108.33
2019-11-15,1.1046,1.2901,108.8
2019-11-18,1.1079,1.2965,108.61
2019-11-19,1.1075,1.2926,108.59
2019-11-20,1.1063,1.2918,108.67
2019-11-21,1.1067,1.2915,108.53
2019-11-22,1.1029,1.2829,108.67
2019-11-25,1.1009,1.2885,108.95
2019-11-26,1.1012,1.285,109.11
2019-11-27,1.1002,1.2881,109.38
2019-11-29,1.1019,1.2939,109.47
2019-12-02,1.1075,1.2936,109.09
2019-12-03,1.1089,1.3002,108.53
2019-12-04,1.1076,1.3095,108.87
2019-12-05,1.1104,1.3165,108.69
2019-12-06,1.1052,1.3127,108.66
2019-12-09,1.1067,1.3157,108.59
2019-12-10,1.109,1.3178,108.73
2019-12-11,1.1092,1.3176,108.67
2019-12-12,1.1115,1.3133,109.16
2019-12-13,1.1128,1.3349,109.28
2019-12-16,1.1139,1.333,109.64
2019-12-17,1.1148,1.3116,109.52
2019-12-18,1.1113,1.3078,109.58
2019-12-19,1.1128,1.3034,109.23
2019-12-20,1.1076,1.3036,109.45
2019-12-23,1.1091,1.2917,109.39
2019-12-24,1.1084,1.2955,109.38
2019-12-26,1.1102,1.3007,109.67
2019-12-27,1.1174,1.309,109.47
2019-12-30,1.1217,1.314,108.85
2019-12-31,1.1227,1.3269,108.67
2020-01-02,1.1166,1.3128,108.43
2020-01-03,1.1173,1.3091,107.94
2020-01-06,1.1187,1.3163,108.36
2020-01-07,1.1138,1.3127,108.53
2020-01-08,1.1117,1.311,109.03
2020-01-09,1.1106,1.3069,109.47
2020-01-10,1.1119,1.306,109.5
2020-01-13,1.1138,1.2983,109.93
2020-01-14,1.113,1.3018,110.05
2020-01-15,1.116,1.303,109.94
2020-01-16,1.1131,1.3076,110.16
2020-01-17,1.1093,1.3029,110.16
2020-01-21,1.1096,1.3047,109.95
2020-01-22,1.1085,1.3136,109.93
2020-01-23,1.1041,1.3104,109.39
2020-01-24,1.1026,1.3071,109.31
2020-01-27,1.1019,1.3054,108.95
2020-01-28,1.1008,1.2996,109.17
2020-01-29,1.1004,1.3012,109.15
2020-01-30,1.1032,1.3106,108.75
2020-01-31,1.1082,1.3195,108.5
2020-02-03,1.1062,1.3006,108.59
2020-02-04,1.1043,1.3029,109.41
2020-02-05,1.1006,1.3,109.74
2020-02-06,1.0979,1.2935,109.89
2020-02-07,1.095,1.2908,109.81
2020-02-10,1.0916,1.2919,109.77
2020-02-11,1.0917,1.2945,109.78
2020-02-12,1.0893,1.2978,110.0
2020-02-13,1.0848,1.3051,109.81
2020-02-14,1.0839,1.3039,109.77
2020-02-18,1.0815,1.3017,109.8
2020-02-19,1.0794,1.2934,111.17
2020-02-20,1.0797,1.2877,111.86
2020-02-21,1.0855,1.2966,111.74
2020-02-24,1.0857,1.2923,110.56
2020-02-25,1.0868,1.3004,110.23
2020-02-26,1.0887,1.2921,110.36
2020-02-27,1.0977,1.2876,110.15
2020-02-28,1.1001,1.2778,108.12
2020-03-02,1.1164,1.2791,108.02
2020-03-03,1.1175,1.2827,107.28
2020-03-04,1.113,1.2836,107.34
2020-03-05,1.1202,1.2939,106.56
2020-03-06,1.1319,1.301,105.31
2020-03-09,1.142,1.31,102.52
2020-03-10,1.1342,1.2933,103.71
2020-03-11,1.128,1.2887,104.81
2020-03-12,1.1081,1.2541,105.67
2020-03-13,1.1066,1.2406,107.15
2020-03-16,1.1139,1.2278,105.64
2020-03-17,1.0971,1.2017,107.41
2020-03-18,1.0833,1.176,108.45
2020-03-19,1.0699,1.1662,110.08
2020-03-20,1.0682,1.1743,111.3
2020-03-23,1.076,1.1492,111.36
2020-03-24,1.0794,1.1784,111.44
2020-03-25,1.0835,1.1763,111.43
2020-03-26,1.1025,1.214,109.45
2020-03-27,1.1059,1.236,108.16
2020-03-30,1.1018,1.2392,108.06
2020-03-31,1.1016,1.2454,107.53
2020-04-01,1.0934,1.2394,107.05
2020-04-02,1.0862,1.238,107.85
2020-04-03,1.0797,1.2228,108.53
2020-04-06,1.0808,1.2298,109.11
2020-04-07,1.0886,1.2343,108.97
2020-04-08,1.0864,1.2394,108.7
2020-04-09,1.0931,1.2458,108.38
2020-04-10,1.0951,1.2485,108.39
2020-04-13,1.0906,1.2518,107.59
2020-04-14,1.0971,1.2617,107.08
2020-04-15,1.0909,1.2523,107.42
2020-04-16,1.084,1.2433,107.72
2020-04-17,1.0883,1.2503,107.52
2020-04-20,1.0874,1.2467,107.69
2020-04-21,1.0854,1.2266,107.69
2020-04-22,1.0829,1.2332,107.81
2020-04-23,1.0815,1.2369,107.65
2020-04-24,1.0798,1.2335,107.44
2020-04-27,1.0829,1.2421,107.22
2020-04-28,1.0836,1.2438,106.83
2020-04-29,1.0853,1.2429,106.67
2020-04-30,1.0934,1.2602,106.94
2020-05-01,1.0998,1.2509,106.76
2020-05-04,1.0911,1.243,106.82
2020-05-05,1.0844,1.2449,106.52
2020-05-06,1.0806,1.2347,106.07
2020-05-07,1.0815,1.2349,106.36
2020-05-08,1.0854,1.2436,106.5
2020-05-11,1.0818,1.233,107.7
2020-05-12,1.0864,1.2299,107.33
2020-05-13,1.0837,1.2225,106.92
2020-05-14,1.08,1.2194,107.09
2020-05-15,1.0816,1.2129,107.27
2020-05-18,1.0904,1.2211,107.25
2020-05-19,1.0937,1.2255,107.89
2020-05-20,1.098,1.2257,107.46
2020-05-21,1.0953,1.2227,107.69
2020-05-22,1.0894,1.2178,107.5
2020-05-26,1.097,1.2337,107.64
2020-05-27,1.0969,1.2231,107.79
2020-05-28,1.1069,1.2325,107.67
2020-05-29,1.1107,1.232,107.77
2020-06-01,1.1123,1.2472,107.56
2020-06-02,1.1166,1.2531,108.6
2020-06-03,1.1246,1.26,108.88
2020-06-04,1.1322,1.2608,109.0
2020-06-05,1.1297,1.2703,109.68
2020-06-08,1.1293,1.2694,108.46
2020-06-09,1.1348,1.2736,107.66
2020-06-10,1.1355,1.2758,107.25
2020-06-11,1.1378,1.2635,106.67
2020-06-12,1.1253,1.2527,107.36
2020-06-15,1.127,1.2543,107.33
2020-06-16,1.1259,1.2586,107.35
2020-06-17,1.1219,1.2526,107.26
2020-06-18,1.1216,1.243,106.78
2020-06-19,1.1189,1.2362,106.89
2020-06-22,1.126,1.2447,106.84
2020-06-23,1.1322,1.2531,106.44
2020-06-24,1.1272,1.2432,106.83
2020-06-25,1.1221,1.2406,107.21
2020-06-26,1.1215,1.2337,107.19
2020-06-29,1.1237,1.2279,107.71
2020-06-30,1.1237,1.2369,107.77
2020-07-01,1.1259,1.2474,107.5
2020-07-02,1.1237,1.2469,107.55
2020-07-06,1.1307,1.2482,107.5
2020-07-07,1.1299,1.2572,107.53
2020-07-08,1.1329,1.2593,107.39
2020-07-09,1.1298,1.2614,107.27
2020-07-10,1.1318,1.2654,106.77
2020-07-13,1.1364,1.2614,107.22
2020-07-14,1.1406,1.2546,107.2
2020-07-15,1.1406,1.2586,106.92
2020-07-16,1.1433,1.2621,107.05
2020-07-17,1.1438,1.255,107.06
2020-07-20,1.1442,1.2658,107.21
2020-07-21,1.1495,1.2736,106.82
2020-07-22,1.1587,1.2729,107.18
2020-07-23,1.1623,1.2759,106.83
2020-07-24,1.1635,1.2791,105.79
2020-07-27,1.175,1.2887,105.29
2020-07-28,1.1733,1.295,105.03
2020-07-29,1.177,1.2974,105.06
2020-07-30,1.1791,1.3035,105.05
2020-07-31,1.1822,1.3133,105.78
2020-08-03,1.175,1.3053,106.11
2020-08-04,1.1766,1.3059,105.87
2020-08-05,1.1898,1.3141,105.44
2020-08-06,1.1856,1.3147,105.52
2020-08-07,1.1776,1.3043,105.92
2020-08-10,1.1756,1.3082,105.85
2020-08-11,1.1764,1.3077,106.56
2020-08-12,1.1796,1.3047,106.85
2020-08-13,1.1818,1.3082,106.89
2020-08-14,1.1833,1.3108,106.49
2020-08-17,1.1869,1.3105,105.97
2020-08-18,1.1928,1.3228,105.41
2020-08-19,1.1898,1.3191,105.71
2020-08-20,1.1862,1.319,105.81
2020-08-21,1.1775,1.3098,105.88
2020-08-24,1.1803,1.3078,105.9
2020-08-25,1.1818,1.3136,106.4
2020-08-26,1.1813,1.3186,106.13
2020-08-27,1.1824,1.3229,106.42
2020-08-28,1.1901,1.3341,105.3
2020-08-31,1.195,1.3375,105.84
2020-09-01,1.1949,1.3416,106.0
2020-09-02,1.184,1.3315,106.15
2020-09-03,1.1832,1.3263,106.14
2020-09-04,1.182,1.323,106.34
2020-09-08,1.1789,1.3039,105.97
2020-09-09,1.181,1.3011,106.23
2020-09-10,1.188,1.2846,106.19
2020-09-11,1.1831,1.2788,106.17
2020-09-14,1.1874,1.2876,105.68
2020-09-15,1.1846,1.2866,105.5
2020-09-16,1.1835,1.298,104.94
2020-09-17,1.1823,1.2955,104.77
2020-09-18,1.1857,1.295,104.44
2020-09-21,1.1737,1.2794,104.69
2020-09-22,1.1703,1.2726,105.05
2020-09-23,1.1677,1.275,105.34
2020-09-24,1.1666,1.2739,105.42
2020-09-25,1.1618,1.2706,105.59
2020-09-28,1.166,1.2865,105.5
2020-09-29,1.1717,1.2847,105.68
2020-09-30,1.1723,1.2921,105.58
2020-10-01,1.1752,1.2901,105.53
2020-10-02,1.1706,1.2928,105.36
2020-10-05,1.1784,1.2972,105.7
2020-10-06,1.1778,1.2945,105.64
2020-10-07,1.1766,1.2914,105.97
2020-10-08,1.1753,1.2944,105.98
2020-10-09,1.1819,1.3003,105.72
2020-10-13,1.1737,1.2968,105.55
2020-10-14,1.1755,1.3023,105.08
2020-10-15,1.1701,1.2917,105.38
2020-10-16,1.1717,1.2931,105.41
2020-10-19,1.1788,1.2998,105.42
2020-10-20,1.1824,1.2951,105.56
2020-10-21,1.187,1.3143,104.58
2020-10-22,1.1824,1.309,104.88
2020-10-23,1.1844,1.3039,104.78
2020-10-26,1.1816,1.3021,104.86
2020-10-27,1.1834,1.3067,104.44
2020-10-28,1.1751,1.2997,104.33
2020-10-29,1.1658,1.289,104.69
2020-10-30,1.1647,1.2933,104.54
2020-11-02,1.1634,1.2904,104.8
2020-11-03,1.1724,1.305,104.5
2020-11-04,1.173,1.3021,104.39
2020-11-05,1.1809,1.3116,103.67
2020-11-06,1.1886,1.3162,103.32
2020-11-09,1.1811,1.3137,105.58
2020-11-10,1.181,1.3234,105.36
2020-11-12,1.1814,1.3142,105.16
2020-11-13,1.1824,1.3176,104.61
2020-11-16,1.1844,1.3197,104.54
2020-11-17,1.1862,1.3247,104.2
2020-11-18,1.1869,1.3299,103.72
2020-11-19,1.1843,1.3225,103.85
2020-11-20,1.1857,1.3294,103.81
2020-11-23,1.1826,1.33,104.42
2020-11-24,1.1874,1.335,104.61
2020-11-25,1.1908,1.3378,104.39
2020-11-30,1.1948,1.3338,104.38
2020-12-01,1.2039,1.3392,104.4
2020-12-02,1.2093,1.3348,104.52
2020-12-03,1.2152,1.3496,103.77
2020-12-04,1.2142,1.3485,104.16
2020-12-07,1.2138,1.3353,104.01
2020-12-08,1.2111,1.3358,104.14
2020-12-09,1.208,1.3392,104.28
2020-12-10,1.2118,1.3293,104.3
2020-12-11,1.2112,1.3197,103.88
2020-12-14,1.2145,1.3324,104.06
2020-12-15,1.2158,1.3434,103.69
2020-12-16,1.2175,1.3503,103.59
2020-12-17,1.2258,1.3609,103.13
2020-12-18,1.2236,1.3497,103.35
2020-12-21,1.223,1.3354,103.44
2020-12-22,1.2172,1.3349,103.62
2020-12-23,1.2194,1.351,103.52
2020-12-28,1.2213,1.3447,103.84
2020-12-29,1.2252,1.3512,103.5
2020-12-30,1.228,1.3605,103.31
2020-12-31,1.223,1.3662,103.19
2021-01-04,1.2254,1.3551,103.19
2021-01-05,1.2295,1.362,102.7
2021-01-06,1.229,1.3593,103.25
2021-01-07,1.2265,1.3551,103.84
2021-01-08,1.2252,1.3583,103.89
2021-01-11,1.2169,1.3522,104.16
2021-01-12,1.2168,1.3637,104.09
2021-01-13,1.2159,1.3631,103.91
2021-01-14,1.2156,1.369,103.66
2021-01-15,1.2099,1.3599,103.8
2021-01-19,1.2126,1.3627,103.86
2021-01-21,1.2143,1.3721,103.57
2021-01-22,1.2179,1.3685,103.76
2021-01-25,1.2138,1.3668,103.78
2021-01-26,1.2147,1.3729,103.69
2021-01-27,1.2101,1.3688,104.09
2021-01-28,1.2122,1.3727,104.31
2021-01-29,1.2135,1.3723,104.64
2021-02-01,1.207,1.3672,104.97
2021-02-02,1.202,1.3644,105.09
2021-02-03,1.2025,1.3652,105.05
2021-02-04,1.1974,1.3665,105.43
2021-02-05,1.2035,1.3714,105.44
2021-02-08,1.2045,1.3738,105.19
2021-02-09,1.2106,1.3796,104.62
2021-02-10,1.2132,1.385,104.67
2021-02-11,1.2127,1.3822,104.75
2021-02-12,1.2126,1.3855,104.94
2021-02-16,1.2107,1.391,105.88
2021-02-17,1.2042,1.3848,105.83
2021-02-18,1.2078,1.3956,105.69
2021-02-19,1.2136,1.4025,105.58
2021-02-22,1.2155,1.4077,105.06
2021-02-23,1.2142,1.4092,105.21
2021-02-24,1.2143,1.4106,105.91
2021-02-25,1.2229,1.4105,106.22
2021-02-26,1.2093,1.3947,106.64
2021-03-01,1.2054,1.3938,106.68
2021-03-02,1.2079,1.3962,106.75
2021-03-03,1.2073,1.3978,106.92
2021-03-04,1.2045,1.3999,107.58
2021-03-05,1.1914,1.3817,108.24
2021-03-08,1.1849,1.381,108.92
2021-03-09,1.1885,1.3884,108.64
2021-03-10,1.19,1.3899,108.58
2021-03-11,1.1978,1.398,108.44
2021-03-12,1.1952,1.3925,108.87
2021-03-15,1.1917,1.3866,109.11
2021-03-16,1.1895,1.3892,109.01
2021-03-17,1.1905,1.3888,109.22
2021-03-18,1.1926,1.3938,108.97
2021-03-19,1.1909,1.3872,108.85
2021-03-22,1.1932,1.3856,108.67
2021-03-23,1.1872,1.3795,108.61
2021-03-24,1.1831,1.3723,108.81
2021-03-25,1.1777,1.3722,109.13
2021-03-26,1.1798,1.3794,109.55
2021-03-29,1.1779,1.3793,109.73
2021-03-30,1.1724,1.3729,110.19
2021-03-31,1.1743,1.3795,110.61
2021-04-01,1.1772,1.3825,110.61
2021-04-02,1.1763,1.3825,110.67
2021-04-05,1.181,1.3907,110.08
2021-04-06,1.1852,1.3849,109.83
2021-04-07,1.189,1.3757,109.67
2021-04-08,1.1904,1.3739,109.25
2021-04-09,1.1897,1.3734,109.64
2021-04-12,1.1907,1.3741,109.43
2021-04-13,1.1939,1.3742,109.19
2021-04-14,1.1974,1.379,108.93
2021-04-15,1.1964,1.3781,108.78
2021-04-16,1.198,1.3826,108.78
2021-04-19,1.2028,1.3977,108.09
2021-04-20,1.2045,1.3955,108.07
2021-04-21,1.2033,1.3936,108.09
2021-04-22,1.2012,1.3851,108.17
2021-04-23,1.2069,1.3845,107.94
2021-04-26,1.2083,1.389,108.12
2021-04-27,1.2079,1.3908,108.56
2021-04-28,1.2098,1.3917,108.81
2021-04-29,1.211,1.3956,108.94
2021-04-30,1.203,1.3838,109.33
2021-05-03,1.2059,1.3913,109.08
2021-05-04,1.2014,1.3873,109.34
2021-05-05,1.2003,1.3913,109.27
2021-05-06,1.2049,1.388,109.17
2021-05-07,1.2165,1.4,108.52
2021-05-10,1.217,1.4153,108.7
2021-05-11,1.2169,1.4149,108.53
2021-05-12,1.2074,1.4081,109.53
2021-05-13,1.207,1.4033,109.56
2021-05-14,1.2141,1.4096,109.37
2021-05-17,1.2155,1.4127,109.17
2021-05-18,1.2203,1.4184,109.01
2021-05-19,1.2216,1.4169,108.76
2021-05-20,1.2225,1.4182,108.79
2021-05-21,1.2178,1.4158,108.94
2021-05-24,1.221,1.4147,108.81
2021-05-25,1.2233,1.4123,108.95
2021-05-26,1.2204,1.4129,109.1
2021-05-27,1.2194,1.4172,109.81
2021-05-28,1.2194,1.4188,109.83
2021-06-01,1.2241,1.4168,109.43
2021-06-02,1.2213,1.4177,109.59
2021-06-03,1.2122,1.4099,110.28
2021-06-04,1.2173,1.4175,109.42
2021-06-07,1.22,1.4179,109.25
2021-06-08,1.218,1.4146,109.47
2021-06-09,1.2184,1.4124,109.61
2021-06-10,1.2173,1.4165,109.49
2021-06-11,1.2101,1.4114,109.75
2021-06-14,1.2126,1.4116,109.98
2021-06-15,1.212,1.4073,110.12
2021-06-16,1.2119,1.411,109.88
2021-06-17,1.1911,1.3916,110.28
2021-06-18,1.1872,1.3817,110.21
2021-06-21,1.1909,1.3915,110.22
2021-06-22,1.191,1.3921,110.75
2021-06-23,1.195,1.3977,110.86
2021-06-24,1.1927,1.3907,110.91
2021-06-25,1.194,1.3899,110.78
2021-06-28,1.1938,1.3895,110.5
2021-06-29,1.1905,1.3845,110.53
2021-06-30,1.1848,1.3806,111.05
2021-07-01,1.1857,1.378,111.56
2021-07-02,1.1848,1.3795,111.28
2021-07-06,1.1816,1.3792,110.66
2021-07-07,1.1803,1.3792,110.62
2021-07-08,1.184,1.3767,109.82
2021-07-09,1.1861,1.3842,110.18
2021-07-12,1.1858,1.3886,110.36
2021-07-13,1.1813,1.3847,110.36
2021-07-14,1.1826,1.3854,110.03
2021-07-15,1.1806,1.3849,110.05
2021-07-16,1.181,1.3785,110.13
2021-07-19,1.1804,1.369,109.45
2021-07-20,1.1776,1.3615,109.92
2021-07-21,1.1799,1.3695,110.22
2021-07-22,1.1771,1.375,110.1
2021-07-23,1.1761,1.3749,110.52
2021-07-26,1.181,1.3829,110.31
2021-07-27,1.1831,1.3884,109.64
2021-07-28,1.1809,1.3884,110.06
2021-07-29,1.1886,1.3966,109.53
2021-07-30,1.1864,1.3913,109.7
2021-08-02,1.1873,1.3886,109.22
2021-08-03,1.1859,1.3905,109.09
2021-08-04,1.1841,1.3912,109.44
2021-08-05,1.1838,1.3929,109.75
2021-08-06,1.1761,1.3873,110.22
2021-08-09,1.1749,1.3852,110.25
2021-08-10,1.1722,1.384,110.54
2021-08-11,1.1737,1.3866,110.47
2021-08-12,1.1736,1.3833,110.36
2021-08-13,1.1796,1.3857,109.75
2021-08-16,1.1776,1.3849,109.26
2021-08-17,1.1714,1.3739,109.59
2021-08-18,1.1702,1.3749,109.92
2021-08-19,1.1693,1.3673,109.75
2021-08-20,1.169,1.3625,109.77
2021-08-23,1.1732,1.3717,109.78
2021-08-24,1.1746,1.3716,109.68
2021-08-25,1.1758,1.3723,110.03
2021-08-26,1.1761,1.3712,110.09
2021-08-27,1.1794,1.3769,109.84
2021-08-30,1.1795,1.3758,109.91
2021-08-31,1.18,1.3747,110.05
2021-09-01,1.185,1.379,110.03
2021-09-02,1.1858,1.3825,110.01
2021-09-03,1.1884,1.3862,109.64
2021-09-07,1.1849,1.3792,110.17
2021-09-08,1.1818,1.3761,110.32
2021-09-09,1.1827,1.3855,109.76
2021-09-10,1.1821,1.3847,109.93
2021-09-13,1.1809,1.3844,109.94
2021-09-14,1.1824,1.3848,109.66
2021-09-15,1.1811,1.3837,109.4
2021-09-16,1.1764,1.3785,109.67
2021-09-17,1.1734,1.3755,109.94
2021-09-20,1.1729,1.3656,109.47
2021-09-21,1.1724,1.3663,109.33
2021-09-22,1.1739,1.3669,109.59
2021-09-23,1.1735,1.3745,110.17
2021-09-24,1.1715,1.3681,110.72
2021-09-27,1.1702,1.3712,110.97
2021-09-28,1.1681,1.3537,111.33
2021-09-29,1.1612,1.3439,111.83
2021-09-30,1.1577,1.347,111.5
2021-10-01,1.1598,1.3572,110.97
2021-10-04,1.1622,1.3602,110.94
2021-10-05,1.1609,1.364,111.39
2021-10-06,1.1546,1.3569,111.33
2021-10-07,1.1561,1.3634,111.5
2021-10-08,1.1572,1.363,112.15
2021-10-12,1.1541,1.3605,113.69
2021-10-13,1.1568,1.3645,113.49
2021-10-14,1.1591,1.3684,113.59
2021-10-15,1.1594,1.3756,114.31
2021-10-18,1.1609,1.3726,114.22
2021-10-19,1.1632,1.3807,114.27
2021-10-20,1.1643,1.3821,114.24
2021-10-21,1.1643,1.3812,113.75
2021-10-22,1.1632,1.3741,113.54
2021-10-25,1.1609,1.3773,113.7
2021-10-26,1.159,1.3772,114.19
2021-10-27,1.16,1.3739,113.75
2021-10-28,1.1685,1.3804,113.38
2021-10-29,1.1552,1.3686,114.03
2021-11-01,1.1591,1.3679,114.19
2021-11-02,1.1581,1.3612,113.78
2021-11-03,1.1584,1.3659,114.06
2021-11-04,1.1546,1.3494,113.63
2021-11-05,1.1554,1.3491,113.45
2021-11-08,1.159,1.3563,113.15
2021-11-09,1.1589,1.3551,112.87
2021-11-10,1.1517,1.347,113.89
2021-11-12,1.1443,1.3412,113.9
2021-11-15,1.1421,1.3444,113.96
2021-11-16,1.1333,1.3429,114.62
2021-11-17,1.1322,1.3488,114.33
2021-11-18,1.1358,1.3489,114.22
2021-11-19,1.1318,1.3474,113.81
2021-11-22,1.126,1.3412,114.69
2021-11-23,1.1265,1.3388,114.98
2021-11-24,1.1196,1.3332,115.34
2021-11-26,1.1302,1.3322,113.46
2021-11-29,1.1261,1.3291,113.75
2021-11-30,1.1287,1.3252,113.22
2021-12-01,1.1323,1.3308,112.82
2021-12-02,1.1306,1.3305,113.1
2021-12-03,1.1308,1.3234,112.88
2021-12-06,1.1282,1.3252,113.31
2021-12-07,1.1247,1.3236,113.61
2021-12-08,1.133,1.3236,113.83
2021-12-09,1.1285,1.3188,113.53
2021-12-10,1.1312,1.3262,113.36
2021-12-13,1.1298,1.3233,113.42
2021-12-14,1.1267,1.3225,113.63
2021-12-15,1.1261,1.3214,113.83
2021-12-16,1.1309,1.3325,113.67
2021-12-17,1.1277,1.3269,113.56
2021-12-20,1.1298,1.3222,113.45
2021-12-21,1.1272,1.3253,114.11
2021-12-22,1.1324,1.3345,114.22
2021-12-23,1.132,1.341,114.42
2021-12-27,1.1329,1.3438,114.85
2021-12-28,1.1314,1.3432,114.75
2021-12-29,1.1337,1.3475,114.97
2021-12-30,1.1318,1.35,115.17
2022-01-03,1.129,1.3469,115.27
2022-01-04,1.1296,1.3544,116.12
2022-01-05,1.1335,1.3573,115.91
2022-01-06,1.1307,1.3539,115.78
2022-01-07,1.1358,1.3583,115.61
2022-01-10,1.1328,1.3567,115.14
2022-01-11,1.1363,1.3622,115.38
2022-01-12,1.1431,1.3698,114.74
2022-01-13,1.1464,1.3724,114.06
2022-01-14,1.1414,1.367,113.89
2022-01-18,1.1336,1.3588,114.6
2022-01-19,1.1346,1.3625,114.28
2022-01-20,1.1336,1.3642,114.08
2022-01-21,1.1346,1.3562,113.72
2022-01-24,1.131,1.3447,113.82
2022-01-25,1.1283,1.3495,113.88
2022-01-26,1.1279,1.3516,114.33
2022-01-27,1.1141,1.3385,115.47
2022-01-28,1.116,1.3417,115.21
2022-01-31,1.1212,1.3439,115.22
2022-02-01,1.1239,1.3505,114.77
2022-02-02,1.1299,1.3565,114.36
2022-02-03,1.1425,1.3602,114.88
2022-02-04,1.1455,1.3543,115.22
2022-02-07,1.1434,1.3533,115.09
2022-02-08,1.1416,1.3552,115.62
2022-02-09,1.1435,1.354,115.44
2022-02-10,1.1487,1.3636,115.84
2022-02-11,1.1404,1.3601,115.91
2022-02-14,1.1306,1.3516,115.72
2022-02-15,1.1363,1.3539,115.64
2022-02-16,1.1381,1.3585,115.41
2022-02-17,1.1364,1.3624,115.03
2022-02-18,1.1327,1.3585,115.08
2022-02-22,1.1342,1.3597,114.94
2022-02-23,1.1316,1.3555,115.12
2022-02-24,1.1154,1.336,115.45
2022-02-25,1.1261,1.3407,115.62
2022-02-28,1.1224,1.3419,115.11
2022-03-01,1.1103,1.3318,114.87
2022-03-02,1.1102,1.3365,115.59
2022-03-03,1.1053,1.3326,115.67
2022-03-04,1.0912,1.3214,114.65
2022-03-07,1.086,1.3115,115.41
2022-03-08,1.0881,1.3101,115.64
2022-03-09,1.1069,1.316,115.87
2022-03-10,1.1007,1.3108,116.05
2022-03-11,1.0937,1.3063,117.08
2022-03-14,1.0979,1.3044,118.0
2022-03-15,1.0974,1.3065,118.19
2022-03-16,1.0996,1.3096,118.48
2022-03-17,1.111,1.3159,118.45
2022-03-18,1.1044,1.3169,119.17
2022-03-21,1.1048,1.3201,119.15
2022-03-22,1.1022,1.3258,120.66
2022-03-23,1.1001,1.3212,121.02
2022-03-24,1.1006,1.3183,122.08
2022-03-25,1.0985,1.3193,121.98
2022-03-28,1.0977,1.3091,123.25
2022-03-29,1.1104,1.3125,122.61
2022-03-30,1.1163,1.3149,121.97
2022-03-31,1.1093,1.3152,121.44
2022-04-01,1.1043,1.3114,122.6
2022-04-04,1.0992,1.3116,122.7
2022-04-05,1.0921,1.3101,123.48
2022-04-06,1.0913,1.3082,123.7
2022-04-07,1.09,1.306,123.8
2022-04-08,1.0874,1.3032,124.31
2022-04-11,1.0875,1.3033,125.55
2022-04-12,1.0852,1.3031,125.25
2022-04-13,1.0874,1.3072,125.51
2022-04-14,1.0796,1.3052,125.92
2022-04-15,1.0812,1.3066,126.31
2022-04-18,1.0785,1.3019,126.77
2022-04-19,1.0789,1.3009,128.55
2022-04-20,1.0857,1.3055,127.76
2022-04-21,1.0839,1.3042,128.62
2022-04-22,1.079,1.2848,128.78
2022-04-25,1.0703,1.2698,127.66
2022-04-26,1.0661,1.2617,127.37
2022-04-27,1.0549,1.2547,128.44
2022-04-28,1.05,1.2443,130.94
2022-04-29,1.0537,1.2565,129.84
2022-05-02,1.0521,1.2523,130.18
2022-05-03,1.0532,1.251,130.09
2022-05-04,1.0539,1.2487,129.97
2022-05-05,1.0507,1.2334,130.41
2022-05-06,1.0572,1.2344,130.35
2022-05-09,1.0559,1.2335,130.37
2022-05-10,1.0531,1.2313,130.21
2022-05-11,1.0537,1.2317,130.2
2022-05-12,1.0376,1.2198,128.1
2022-05-13,1.041,1.2242,129.23
2022-05-16,1.042,1.227,129.15
2022-05-17,1.0532,1.2468,129.31
2022-05-18,1.0494,1.2396,128.22
2022-05-19,1.0587,1.2504,127.62
2022-05-20,1.0559,1.2492,127.86
2022-05-23,1.0668,1.2571,127.78
2022-05-24,1.0744,1.2544,126.56
2022-05-25,1.0658,1.2539,127.31
2022-05-26,1.0725,1.2582,127.23
2022-05-27,1.0709,1.2613,127.14
2022-05-31,1.0731,1.2624,128.53
2022-06-01,1.0646,1.2472,130.09
2022-06-02,1.0733,1.2557,129.83
2022-06-03,1.0721,1.2496,130.71
2022-06-06,1.0699,1.2544,131.55
2022-06-07,1.0697,1.2594,132.53
2022-06-08,1.074,1.2557,134.06
2022-06-09,1.0656,1.2511,134.06
2022-06-10,1.0521,1.233,134.19
2022-06-13,1.0436,1.217,134.12
2022-06-14,1.0416,1.2011,134.89
2022-06-15,1.0388,1.2057,134.5
2022-06-16,1.0531,1.2341,131.65
2022-06-17,1.0473,1.2201,135.14
2022-06-21,1.0548,1.2277,136.25
2022-06-22,1.0583,1.228,136.05
2022-06-23,1.0503,1.224,134.72
2022-06-24,1.0539,1.2273,135.22
2022-06-27,1.0601,1.2305,135.26
2022-06-28,1.0534,1.22,136.19
2022-06-29,1.0477,1.2151,136.5
2022-06-30,1.0469,1.2162,135.69
2022-07-01,1.0409,1.2048,135.09
2022-07-05,1.0254,1.1932,135.72
2022-07-06,1.0173,1.1907,135.66
2022-07-07,1.0159,1.1994,135.99
2022-07-08,1.0178,1.2036,136.16
2022-07-11,1.0088,1.1907,137.29
2022-07-12,1.0069,1.1905,136.68
2022-07-13,1.0081,1.1919,137.34
2022-07-14,1.0028,1.1827,138.94
2022-07-15,1.0089,1.1857,138.57
2022-07-18,1.016,1.1989,138.23
2022-07-19,1.0238,1.2022,137.94
2022-07-20,1.0217,1.1989,138.16
2022-07-21,1.0197,1.1968,137.94
2022-07-22,1.0225,1.2019,136.12
2022-07-25,1.0211,1.2042,136.72
2022-07-26,1.0116,1.2036,136.62
2022-07-27,1.0108,1.2027,137.31
2022-07-28,1.0163,1.2126,134.45
2022-07-29,1.0202,1.2183,133.25
2022-08-01,1.027,1.2278,131.8
2022-08-02,1.0194,1.2218,132.32
2022-08-03,1.0146,1.2132,134.18
2022-08-04,1.0221,1.2141,133.28
2022-08-05,1.017,1.2061,135.33
2022-08-08,1.0207,1.2098,134.73
2022-08-09,1.0226,1.2089,134.95
2022-08-10,1.0337,1.2245,132.58
2022-08-11,1.0338,1.223,132.66
2022-08-12,1.0257,1.2132,133.57
2022-08-15,1.0186,1.209,133.13
2022-08-16,1.0174,1.209,134.38
2022-08-17,1.0164,1.203,135.4
2022-08-18,1.0114,1.197,135.29
2022-08-19,1.0039,1.181,137.01
2022-08-22,0.9936,1.1752,137.57
2022-08-23,0.9976,1.1844,136.36
2022-08-24,0.9967,1.1802,136.92
2022-08-25,0.9959,1.1803,136.83
2022-08-26,0.9998,1.1778,137.07
2022-08-29,1.0,1.1718,138.74
2022-08-30,1.0018,1.1651,138.73
2022-08-31,1.0065,1.1647,138.69
2022-09-01,0.995,1.1541,139.93
2022-09-02,1.003,1.1582,140.03
2022-09-06,0.9914,1.1549,142.95
2022-09-07,0.9942,1.1473,144.39
2022-09-08,0.9956,1.1489,144.05
2022-09-09,1.0046,1.16,142.44
2022-09-12,1.0129,1.1701,142.41
2022-09-13,0.9997,1.1526,144.3
2022-09-14,0.9993,1.1564,142.93
2022-09-15,0.9991,1.1472,143.57
2022-09-16,1.0013,1.1419,143.04
2022-09-19,1.0003,1.1403,143.34
2022-09-20,0.9994,1.1405,143.64
2022-09-21,0.988,1.133,144.14
2022-09-22,0.9841,1.1269,142.16
2022-09-23,0.9719,1.0921,143.18
2022-09-26,0.9623,1.0703,144.45
2022-09-27,0.9616,1.0753,144.71
2022-09-28,0.9681,1.0832,144.15
2022-09-29,0.9774,1.1048,144.45
2022-09-30,0.9783,1.1134,144.71
2022-10-03,0.9809,1.1272,144.5
2022-10-04,0.9977,1.1446,144.32
2022-10-05,0.9866,1.1275,144.73
2022-10-06,0.9806,1.1133,144.94
2022-10-07,0.9785,1.1116,145.19
2022-10-11,0.9757,1.1168,145.55
2022-10-12,0.9692,1.1096,146.87
2022-10-13,0.978,1.1344,147.15
2022-10-14,0.9739,1.1208,148.46
2022-10-17,0.9843,1.1427,148.71
2022-10-18,0.9842,1.1307,149.23
2022-10-19,0.978,1.1232,149.77
2022-10-20,0.9823,1.1288,149.82
2022-10-21,0.9855,1.1292,146.35
2022-10-24,0.9874,1.1295,148.76
2022-10-25,0.9959,1.1469,147.85
2022-10-26,1.0068,1.1615,146.5
2022-10-27,0.9985,1.1574,146.02
2022-10-28,0.9934,1.1573,147.68
2022-10-31,0.9885,1.1515,148.63
2022-11-01,0.9871,1.146,148.11
2022-11-02,0.9875,1.1467,147.11
2022-11-03,0.9759,1.1183,148.18
2022-11-04,0.9895,1.1279,147.22
2022-11-07,0.9997,1.1463,146.64
2022-11-08,1.0089,1.1595,145.38
2022-11-09,1.0037,1.1396,146.15
2022-11-10,1.0176,1.1677,141.78
2022-11-14,1.0337,1.1728,140.43
2022-11-15,1.0372,1.189,139.36
2022-11-16,1.0395,1.1889,139.59
2022-11-17,1.0341,1.1812,140.45
2022-11-18,1.0349,1.1902,140.03
2022-11-21,1.0238,1.1785,141.95
2022-11-22,1.0276,1.188,141.29
2022-11-23,1.0364,1.204,139.76
2022-11-25,1.0402,1.2102,139.21
2022-11-28,1.0386,1.2041,138.67
2022-11-29,1.0356,1.1996,138.28
2022-11-30,1.0323,1.1962,139.31
2022-12-01,1.0498,1.2252,135.55
2022-12-02,1.0521,1.2292,134.89
2022-12-05,1.0494,1.2169,136.55
2022-12-06,1.0497,1.2202,136.67
2022-12-07,1.0505,1.2194,136.57
2022-12-08,1.0552,1.2235,136.45
2022-12-09,1.055,1.2311,136.4
2022-12-12,1.0545,1.2285,137.47
2022-12-13,1.063,1.2375,135.14
2022-12-14,1.0655,1.2408,134.95
2022-12-15,1.0638,1.2206,137.92
2022-12-16,1.061,1.2168,136.55
2022-12-19,1.0624,1.218,136.87
2022-12-20,1.0635,1.2146,131.08
2022-12-21,1.0599,1.2072,132.36
2022-12-22,1.0588,1.2032,132.34
2022-12-23,1.0621,1.2054,132.78
2022-12-27,1.0654,1.2032,133.43
2022-12-28,1.0622,1.2034,134.27
2022-12-29,1.0668,1.206,133.16
2022-12-30,1.0698,1.2077,131.81
2023-01-03,1.0559,1.197,130.83
2023-01-04,1.062,1.2063,132.0
2023-01-05,1.0522,1.1902,133.57
2023-01-06,1.0619,1.2064,132.21
2023-01-09,1.0759,1.2206,131.58
2023-01-10,1.0737,1.2155,132.25
2023-01-11,1.074,1.2125,132.58
2023-01-12,1.0823,1.2182,129.75
2023-01-13,1.0811,1.2194,127.85
2023-01-17,1.0793,1.2264,128.18
2023-01-18,1.0827,1.2369,128.45
2023-01-19,1.081,1.2366,128.48
2023-01-20,1.0831,1.2374,129.97
2023-01-23,1.0865,1.237,130.69
2023-01-24,1.0873,1.2323,130.07
2023-01-25,1.0901,1.2374,129.64
2023-01-26,1.0866,1.237,130.4
2023-01-27,1.0857,1.2379,129.94
2023-01-30,1.0867,1.2373,130.34
2023-01-31,1.0858,1.2324,130.17
2023-02-01,1.0917,1.2308,129.27
2023-02-02,1.0918,1.226,128.45
2023-02-03,1.0825,1.2073,131.07
2023-02-06,1.0722,1.2009,132.76
2023-02-07,1.0705,1.2013,131.37
2023-02-08,1.0734,1.2093,131.27
2023-02-09,1.0761,1.2157,130.98
2023-02-10,1.067,1.2061,131.5
2023-02-13,1.0718,1.2136,132.71
2023-02-14,1.0722,1.2157,133.05
2023-02-15,1.0683,1.2031,134.22
2023-02-16,1.0684,1.2018,133.95
2023-02-17,1.0678,1.2012,134.21
2023-02-21,1.0657,1.2111,134.87
2023-02-22,1.0623,1.2064,134.77
2023-02-23,1.0583,1.2016,134.8
2023-02-24,1.0545,1.1948,136.36
2023-02-27,1.0596,1.2036,136.18
2023-02-28,1.0602,1.2093,136.09
2023-03-01,1.0674,1.2034,135.82
2023-03-02,1.0595,1.1942,136.84
2023-03-03,1.0616,1.1996,136.09
2023-03-06,1.0694,1.2048,135.93
2023-03-07,1.0573,1.1857,136.9
2023-03-08,1.0549,1.1837,137.18
2023-03-09,1.0577,1.1922,136.41
2023-03-10,1.0659,1.2043,135.05
2023-03-13,1.0733,1.216,133.13
2023-03-14,1.0722,1.2146,134.33
2023-03-15,1.0535,1.2032,132.81
2023-03-16,1.0622,1.2111,133.01
2023-03-17,1.0647,1.2141,132.01
2023-03-20,1.0722,1.2257,131.59
2023-03-21,1.0769,1.2195,132.27
2023-03-22,1.0792,1.2232,132.67
2023-03-23,1.089,1.2322,130.99
2023-03-24,1.0762,1.2225,130.64
2023-03-27,1.0789,1.2278,131.49
2023-03-28,1.0844,1.2341,130.97
2023-03-29,1.0826,1.2313,132.69
2023-03-30,1.0899,1.2368,132.71
2023-03-31,1.0872,1.2369,132.75
2023-04-03,1.0891,1.2403,132.35
2023-04-04,1.0951,1.2498,131.6
2023-04-05,1.0918,1.2469,131.11
2023-04-06,1.0927,1.2456,131.67
2023-04-07,1.0913,1.2422,132.11
2023-04-10,1.084,1.2358,133.75
2023-04-11,1.0906,1.2409,133.63
2023-04-12,1.0987,1.2471,133.25
2023-04-13,1.1054,1.2531,132.37
2023-04-14,1.098,1.2417,133.74
2023-04-17,1.0915,1.2359,134.51
2023-04-18,1.0958,1.2419,134.11
2023-04-19,1.0953,1.2442,134.79
2023-04-20,1.097,1.2448,134.1
2023-04-21,1.0973,1.2419,134.28
2023-04-24,1.1027,1.2457,134.41
2023-04-25,1.0968,1.2398,133.96
2023-04-26,1.1052,1.2486,133.72
2023-04-27,1.1017,1.2471,134.04
2023-04-28,1.104,1.2582,135.99
2023-05-01,1.097,1.2495,137.35
2023-05-02,1.0997,1.2475,136.46
2023-05-03,1.1049,1.2547,135.31
2023-05-04,1.1009,1.258,133.76
2023-05-05,1.1026,1.265,134.85
2023-05-08,1.102,1.2633,134.83
2023-05-09,1.0953,1.2618,135.15
2023-05-10,1.0966,1.2614,134.52
2023-05-11,1.0916,1.2501,134.46
2023-05-12,1.0856,1.2464,135.63
2023-05-15,1.0874,1.2526,136.07
2023-05-16,1.0866,1.2494,136.62
2023-05-17,1.083,1.2475,137.51
2023-05-18,1.0776,1.2424,138.5
2023-05-19,1.0819,1.2464,137.67
2023-05-22,1.0806,1.2425,138.65
2023-05-23,1.0771,1.2423,138.74
2023-05-24,1.0758,1.2368,139.14
2023-05-25,1.0725,1.2325,139.81
2023-05-26,1.0713,1.2342,140.53
2023-05-30,1.0722,1.2403,139.83
2023-05-31,1.0654,1.2396,139.78
2023-06-01,1.0752,1.2536,138.74
2023-06-02,1.0724,1.2468,139.76
2023-06-05,1.0721,1.244,139.64
2023-06-06,1.0695,1.2418,139.67
2023-06-07,1.0702,1.2451,139.98
2023-06-08,1.078,1.2547,138.83
2023-06-09,1.0749,1.2579,139.35
2023-06-12,1.0747,1.2489,139.72
2023-06-13,1.0792,1.2611,140.0
2023-06-14,1.0859,1.2696,139.33
2023-06-15,1.0933,1.2762,140.49
2023-06-16,1.0925,1.2815,141.82
2023-06-20,1.09,1.2732,141.46
2023-06-21,1.0951,1.2737,142.09
2023-06-22,1.0953,1.275,142.89
2023-06-23,1.0887,1.2701,143.78
2023-06-26,1.091,1.2724,143.55
2023-06-27,1.0961,1.2752,144.0
2023-06-28,1.0904,1.2637,144.23
2023-06-29,1.0881,1.2617,144.72
2023-06-30,1.092,1.2709,144.47
2023-07-03,1.0919,1.2695,144.5
2023-07-05,1.0868,1.271,144.56
2023-07-06,1.0873,1.2721,144.09
2023-07-07,1.0964,1.2838,142.21
2023-07-10,1.0991,1.2837,141.56
2023-07-11,1.0992,1.2901,140.51
2023-07-12,1.1123,1.2993,138.21
2023-07-13,1.1194,1.3097,138.14
2023-07-14,1.1237,1.3113,138.74
2023-07-17,1.1236,1.3078,138.92
2023-07-18,1.1223,1.3054,138.94
2023-07-19,1.1195,1.2898,139.76
2023-07-20,1.1135,1.2849,140.39
2023-07-21,1.112,1.2854,141.75
2023-07-24,1.1083,1.2828,141.19
2023-07-25,1.105,1.2876,140.91
2023-07-26,1.1078,1.293,140.41
2023-07-27,1.0998,1.287,141.03
2023-07-28,1.1039,1.287,140.72
2023-07-31,1.102,1.2857,142.18
2023-08-01,1.0971,1.275,143.34
2023-08-02,1.0939,1.2712,143.21
2023-08-03,1.0947,1.2709,142.42
2023-08-04,1.1036,1.2775,141.79
2023-08-07,1.1,1.2769,142.45
2023-08-08,1.0951,1.2729,143.17
2023-08-09,1.0975,1.2715,143.58
2023-08-10,1.1016,1.2726,144.4
2023-08-11,1.0957,1.2694,144.94
2023-08-14,1.0922,1.2691,145.3
2023-08-15,1.0928,1.2745,145.4
2023-08-16,1.0904,1.2749,145.81
2023-08-17,1.0874,1.2753,146.16
2023-08-18,1.0875,1.2738,145.15
2023-08-21,1.0888,1.2737,146.26
2023-08-22,1.0846,1.2733,145.79
2023-08-23,1.0862,1.2715,144.62
2023-08-24,1.0826,1.2634,145.75
2023-08-25,1.0787,1.257,146.38
2023-08-28,1.081,1.2592,146.4
2023-08-29,1.0851,1.2614,146.01
2023-08-30,1.0926,1.2726,145.94
2023-08-31,1.0839,1.2667,145.68
2023-09-01,1.0787,1.2594,146.2
2023-09-05,1.0727,1.2583,147.63
2023-09-06,1.0714,1.2498,147.65
2023-09-07,1.0704,1.2485,147.13
2023-09-08,1.0709,1.2476,147.7
2023-09-11,1.0744,1.2529,146.46
2023-09-12,1.0726,1.2477,147.12
2023-09-13,1.0737,1.2488,147.45
2023-09-14,1.066,1.241,147.17
2023-09-15,1.0673,1.2392,147.83
2023-09-18,1.0695,1.2403,147.63
2023-09-19,1.0684,1.2393,147.8
2023-09-20,1.0715,1.2389,147.74
2023-09-21,1.0664,1.2299,147.42
2023-09-22,1.066,1.2257,148.24
2023-09-25,1.0591,1.2218,148.74
2023-09-26,1.0573,1.2168,148.9
2023-09-27,1.051,1.2133,149.48
2023-09-28,1.0578,1.2223,149.18
2023-09-29,1.0584,1.2214,149.43
2023-10-02,1.05,1.213,149.8
2023-10-03,1.0453,1.2069,149.16
2023-10-04,1.0518,1.2157,148.83
2023-10-05,1.0527,1.2171,148.49
2023-10-06,1.0596,1.2255,149.08
2023-10-10,1.0618,1.2288,148.62
2023-10-11,1.062,1.2304,149.17
2023-10-12,1.0553,1.2214,149.71
2023-10-13,1.0502,1.2139,149.62
2023-10-16,1.0546,1.2198,149.57
2023-10-17,1.0593,1.2206,149.71
2023-10-18,1.0532,1.215,149.86
2023-10-19,1.057,1.2145,149.92
2023-10-20,1.0592,1.2153,149.85
2023-10-23,1.0646,1.2235,149.78
2023-10-24,1.0595,1.217,149.84
2023-10-25,1.0583,1.214,149.94
2023-10-26,1.0532,1.2113,150.44
2023-10-27,1.0592,1.2151,149.6
2023-10-30,1.062,1.2157,149.01
2023-10-31,1.0568,1.2135,151.46
2023-11-01,1.0538,1.2127,150.96
2023-11-02,1.0618,1.2175,150.48
2023-11-03,1.0733,1.2374,149.36
2023-11-06,1.0747,1.2391,149.77
2023-11-07,1.0687,1.2296,150.47
2023-11-08,1.0715,1.2301,150.77
2023-11-09,1.071,1.2279,151.04
2023-11-13,1.07,1.2268,151.56
2023-11-14,1.0861,1.2483,150.75
2023-11-15,1.0853,1.2431,151.07
2023-11-16,1.0851,1.2423,150.59
2023-11-17,1.0879,1.243,149.82
2023-11-20,1.0945,1.2505,148.26
2023-11-21,1.0923,1.254,147.88
2023-11-22,1.0871,1.2468,149.67
2023-11-24,1.0934,1.2601,149.57
2023-11-27,1.0937,1.2613,148.89
2023-11-28,1.1007,1.2713,147.41
2023-11-29,1.0969,1.269,147.39
2023-11-30,1.0908,1.264,147.87
2023-12-01,1.0878,1.2682,147.0
2023-12-04,1.0824,1.2633,147.15
2023-12-05,1.0787,1.259,147.26
2023-12-06,1.079,1.2589,147.16
2023-12-07,1.0794,1.2582,144.1
2023-12-08,1.0746,1.2539,144.88
2023-12-11,1.0747,1.255,146.41
2023-12-12,1.079,1.2549,145.45
2023-12-13,1.0793,1.2527,145.17
2023-12-14,1.0997,1.2767,141.53
2023-12-15,1.0906,1.2709,141.8
2023-12-18,1.092,1.2632,143.04
2023-12-19,1.0977,1.2751,143.62
2023-12-20,1.0957,1.266,143.77
2023-12-21,1.099,1.2668,142.16
2023-12-22,1.1008,1.272,142.6
2023-12-26,1.1035,1.2709,142.48
2023-12-27,1.1114,1.2797,142.05
2023-12-28,1.1073,1.2743,141.08
2023-12-29,1.1062,1.2743,140.92
2024-01-02,1.0957,1.2632,141.89
2024-01-03,1.0909,1.2641,143.55
2024-01-04,1.0957,1.2692,144.59
2024-01-05,1.0957,1.274,144.52
2024-01-08,1.0976,1.2766,143.89
2024-01-09,1.0935,1.272,144.35
2024-01-10,1.096,1.273,145.68
2024-01-11,1.0943,1.2712,146.03
2024-01-12,1.0959,1.2746,144.86
2024-01-16,1.0882,1.2657,147.01
2024-01-17,1.0858,1.2666,148.39
2024-01-18,1.0863,1.2687,148.15
2024-01-19,1.0887,1.2677,148.21
2024-01-22,1.0895,1.2728,147.95
2024-01-23,1.0829,1.2661,148.55
2024-01-24,1.0901,1.2754,147.31
2024-01-25,1.0837,1.27,147.69
2024-01-26,1.0866,1.272,147.94
2024-01-29,1.0807,1.2681,147.65
2024-01-30,1.0844,1.2683,147.71
2024-01-31,1.0855,1.2733,146.26
2024-02-01,1.0865,1.2727,146.18
2024-02-02,1.0787,1.2627,148.54
2024-02-05,1.0736,1.2532,148.79
2024-02-06,1.0751,1.2589,148.03
2024-02-07,1.0769,1.2629,148.04
2024-02-08,1.0774,1.262,149.25
2024-02-09,1.0782,1.2628,149.38
2024-02-12,1.0774,1.2631,149.37
2024-02-13,1.072,1.2606,150.72
2024-02-14,1.0735,1.2562,150.5
2024-02-15,1.0761,1.258,150.19
2024-02-16,1.0769,1.259,150.34
2024-02-20,1.0814,1.2645,149.87
2024-02-21,1.0818,1.2624,150.29
2024-02-22,1.0815,1.2649,150.62
2024-02-23,1.0828,1.2678,150.36
2024-02-26,1.0855,1.2681,150.79
2024-02-27,1.0857,1.2693,150.46
2024-02-28,1.0843,1.267,150.68
2024-02-29,1.0807,1.2632,149.9
2024-03-01,1.0832,1.2652,150.2
2024-03-04,1.0862,1.2701,150.44
2024-03-05,1.0861,1.2712,150.14
2024-03-06,1.0913,1.2757,149.17
2024-03-07,1.0941,1.2796,148.08
2024-03-08,1.0941,1.2852,147.17
2024-03-11,1.0928,1.2807,146.86
2024-03-12,1.0918,1.2786,147.69
2024-03-13,1.0944,1.2799,147.73
2024-03-14,1.0888,1.2749,148.19
2024-03-15,1.0888,1.2742,149.14
2024-03-18,1.0886,1.2736,149.13
2024-03-19,1.0859,1.2713,150.73
2024-03-20,1.0856,1.2713,151.66
2024-03-21,1.0861,1.267,151.59
2024-03-22,1.0817,1.2603,151.35
2024-03-25,1.0837,1.2648,151.42
2024-03-26,1.0829,1.263,151.58
2024-03-27,1.0821,1.2631,151.35
2024-03-28,1.0801,1.2634,151.35
2024-03-29,1.0791,1.2637,151.22
2024-04-01,1.0733,1.2545,151.72
2024-04-02,1.0769,1.2576,151.55
2024-04-03,1.0827,1.2635,151.67
2024-04-04,1.0865,1.2669,151.66
2024-04-05,1.0841,1.2633,151.59
2024-04-08,1.0853,1.2655,151.78
2024-04-09,1.0856,1.2676,151.73
2024-04-10,1.0737,1.2544,152.9
2024-04-11,1.0722,1.2535,153.19
2024-04-12,1.0647,1.2457,153.12
2024-04-15,1.0644,1.2466,154.25
2024-04-16,1.0628,1.2437,154.57
2024-04-17,1.0644,1.2443,154.61
2024-04-18,1.066,1.2465,154.61
2024-04-19,1.0655,1.2397,154.55
2024-04-22,1.0655,1.2341,154.77
2024-04-23,1.0695,1.2434,154.81
2024-04-24,1.0687,1.2434,155.11
2024-04-25,1.0721,1.2494,155.52
2024-04-26,1.0686,1.2474,157.62
2024-04-29,1.0717,1.2553,156.71
2024-04-30,1.0684,1.2514,157.54
2024-05-01,1.068,1.2488,157.65
2024-05-02,1.0706,1.2507,153.77
2024-05-03,1.077,1.255,152.85
2024-05-06,1.0779,1.2575,153.85
2024-05-07,1.0767,1.2535,154.59
2024-05-08,1.0755,1.2503,155.42
2024-05-09,1.0771,1.2505,155.68
2024-05-10,1.0773,1.2528,155.85
2024-05-13,1.0796,1.2563,156.17
2024-05-14,1.0818,1.2588,156.5
2024-05-15,1.086,1.2658,155.02
2024-05-16,1.0875,1.2682,155.25
2024-05-17,1.0869,1.2703,155.57
2024-05-20,1.0861,1.2708,156.09
2024-05-21,1.0855,1.271,156.08
2024-05-22,1.0836,1.2739,156.49
2024-05-23,1.0827,1.2717,157.05
2024-05-24,1.0852,1.2746,156.9
2024-05-28,1.0879,1.2786,156.9
2024-05-29,1.0811,1.2714,157.62
2024-05-30,1.0837,1.2739,156.63
2024-05-31,1.0846,1.2738,157.19
2024-06-03,1.089,1.2795,156.04
2024-06-04,1.0878,1.2785,154.87
2024-06-05,1.0865,1.2771,156.21
2024-06-06,1.0883,1.2786,155.98
2024-06-07,1.0807,1.2727,156.58
2024-06-10,1.0751,1.2733,156.93
2024-06-11,1.0733,1.2725,157.32
2024-06-12,1.0843,1.2843,155.88
2024-06-13,1.0756,1.2764,156.77
2024-06-14,1.0699,1.2685,157.28
2024-06-17,1.0723,1.2689,157.8
2024-06-18,1.0739,1.2699,157.81
2024-06-20,1.0708,1.2671,158.77
2024-06-21,1.0694,1.2645,159.45
2024-06-24,1.0727,1.2684,159.71
2024-06-25,1.0705,1.2677,159.68
2024-06-26,1.0682,1.2625,160.68
2024-06-27,1.0708,1.2653,160.7
2024-06-28,1.0711,1.264,160.88
2024-07-01,1.0728,1.265,161.55
2024-07-02,1.0737,1.2679,161.53
2024-07-03,1.0799,1.2766,161.48
2024-07-05,1.0828,1.2807,160.73
2024-07-08,1.0835,1.2829,160.77
2024-07-09,1.0813,1.2787,161.4
2024-07-10,1.0823,1.2842,161.73
2024-07-11,1.087,1.292,158.58
2024-07-12,1.0902,1.2986,157.88
2024-07-15,1.0912,1.2986,157.89
2024-07-16,1.0885,1.2958,158.57
2024-07-17,1.0933,1.3008,156.56
2024-07-18,1.0913,1.2973,156.97
2024-07-19,1.0888,1.2922,157.38
2024-07-22,1.088,1.2911,157.08
2024-07-23,1.0855,1.2916,156.02
2024-07-24,1.0853,1.2925,153.39
2024-07-25,1.0861,1.2884,153.97
2024-07-26,1.0859,1.2864,153.86
2024-07-29,1.0819,1.2853,153.96
2024-07-30,1.0809,1.2828,153.72
2024-07-31,1.0823,1.284,150.38
2024-08-01,1.0789,1.2772,150.06
2024-08-02,1.0914,1.2798,146.98
2024-08-05,1.0957,1.2765,143.95
2024-08-06,1.0926,1.2695,145.11
2024-08-07,1.0925,1.2718,147.42
2024-08-08,1.0914,1.2741,147.08
2024-08-09,1.0925,1.2766,146.49
2024-08-12,1.0928,1.2776,147.54
2024-08-13,1.0954,1.2828,146.97
2024-08-14,1.1024,1.2849,146.86
2024-08-15,1.0986,1.2863,148.91
2024-08-16,1.0996,1.2906,148.13
2024-08-19,1.107,1.2984,146.42
2024-08-20,1.1106,1.3027,145.7
2024-08-21,1.1143,1.3077,145.19
2024-08-22,1.1114,1.3094,145.97
2024-08-23,1.1176,1.3197,144.86
2024-08-26,1.1164,1.3185,144.51
2024-08-27,1.116,1.3235,144.26
2024-08-28,1.1127,1.3201,144.47
2024-08-29,1.1086,1.3186,144.98
2024-08-30,1.106,1.3132,145.95
2024-09-03,1.1043,1.3103,145.82
2024-09-04,1.1081,1.3142,144.31
2024-09-05,1.1096,1.3165,143.43
2024-09-06,1.1086,1.3136,142.13
2024-09-09,1.1042,1.3083,142.92
2024-09-10,1.1025,1.3065,142.28
2024-09-11,1.1012,1.3027,141.72
2024-09-12,1.1041,1.3081,142.24
2024-09-13,1.1085,1.314,140.66
2024-09-16,1.1123,1.3202,140.79
2024-09-17,1.1118,1.3164,141.77
2024-09-18,1.1116,1.3199,141.93
2024-09-19,1.1147,1.3279,142.88
2024-09-20,1.1159,1.3305,143.9
2024-09-23,1.113,1.3351,143.59
2024-09-24,1.115,1.3376,143.77
2024-09-25,1.1143,1.3338,144.41
2024-09-26,1.1184,1.3428,144.68
2024-09-27,1.1159,1.3394,142.6
2024-09-30,1.1145,1.3399,143.25
2024-10-01,1.1067,1.3282,143.66
2024-10-02,1.105,1.3271,146.05
2024-10-03,1.1015,1.3114,146.82
2024-10-04,1.0961,1.3107,148.69
2024-10-07,1.0976,1.308,148.13
2024-10-08,1.097,1.3093,148.22
2024-10-09,1.0951,1.308,149.2
2024-10-10,1.0925,1.3053,148.56
2024-10-11,1.0942,1.307,149.12
2024-10-15,1.0899,1.3083,149.22
2024-10-16,1.0873,1.3,149.71
2024-10-17,1.0837,1.3008,150.12
2024-10-18,1.0854,1.3022,149.58
2024-10-21,1.082,1.298,150.47
2024-10-22,1.0805,1.2969,151.11
2024-10-23,1.0779,1.2944,152.81
2024-10-24,1.0806,1.2964,151.87
2024-10-25,1.0813,1.2978,152.08
2024-10-28,1.0819,1.2981,153.21
2024-10-29,1.0798,1.3005,153.47
2024-10-30,1.0864,1.3012,153.15
2024-10-31,1.0855,1.2856,152.35
2024-11-01,1.0848,1.2959,152.94
2024-11-04,1.0884,1.2942,152.02
2024-11-05,1.092,1.3015,151.96
2024-11-06,1.0732,1.2897,154.58
2024-11-07,1.0792,1.2985,153.13
2024-11-08,1.071,1.2905,152.58
2024-11-12,1.0598,1.2733,154.73
2024-11-13,1.0567,1.2709,155.28
2024-11-14,1.0562,1.2706,155.96
2024-11-15,1.0552,1.2629,154.59
2024-11-18,1.0586,1.2664,154.78
2024-11-19,1.0578,1.2667,154.34
2024-11-20,1.0521,1.2639,155.38
2024-11-21,1.0475,1.2586,154.66
2024-11-22,1.0399,1.2516,154.73
2024-11-25,1.0478,1.2554,154.29
2024-11-26,1.0481,1.2547,153.49
2024-11-27,1.0575,1.2678,150.69
2024-11-29,1.0547,1.2699,150.41
2024-12-02,1.0484,1.2639,149.26
2024-12-03,1.0518,1.2677,149.12
2024-12-04,1.0527,1.2712,150.18
2024-12-05,1.0571,1.2754,150.19
2024-12-06,1.0563,1.2744,149.78
2024-12-09,1.057,1.2783,151.24
2024-12-10,1.0512,1.2758,152.05
2024-12-11,1.0508,1.2763,152.34
2024-12-12,1.0514,1.2715,152.07
2024-12-13,1.0498,1.2629,153.74
2024-12-16,1.0512,1.269,154.18
2024-12-17,1.0506,1.2718,153.41
2024-12-18,1.0469,1.2696,154.0
2024-12-19,1.0357,1.253,157.73
2024-12-20,1.043,1.2587,156.11
2024-12-23,1.0409,1.2529,157.04
2024-12-24,1.0388,1.2528,157.29
2024-12-26,1.0423,1.2522,158.01
2024-12-27,1.0423,1.2573,157.73
2024-12-30,1.0386,1.2523,157.26
2024-12-31,1.0351,1.2521,157.37
2025-01-02,1.0261,1.2376,157.65
2025-01-03,1.0292,1.2419,157.2
2025-01-06,1.0397,1.253,157.54
2025-01-07,1.0369,1.2499,157.82
2025-01-08,1.0313,1.2366,158.31
2025-01-09,1.0298,1.2303,158.01
2025-01-10,1.0238,1.2215,157.68
2025-01-13,1.0209,1.2158,157.51
2025-01-14,1.0292,1.2188,157.95
2025-01-15,1.0282,1.2214,156.6
2025-01-16,1.0303,1.2246,155.44
2025-01-17,1.0287,1.2181,156.3
2025-01-21,1.0423,1.2331,155.49
2025-01-22,1.042,1.2324,156.62
2025-01-23,1.042,1.2347,156.0
2025-01-24,1.0515,1.2496,155.58
2025-01-27,1.0492,1.2479,154.22
2025-01-28,1.0427,1.2433,155.65
2025-01-29,1.0416,1.2435,155.22
2025-01-30,1.042,1.2453,154.42
2025-01-31,1.04,1.2447,154.91
2025-02-03,1.0277,1.2389,154.68
2025-02-04,1.0379,1.2487,154.56
2025-02-05,1.0419,1.2516,152.33
2025-02-06,1.0368,1.2435,152.04
2025-02-07,1.0329,1.2396,151.3
2025-02-10,1.0312,1.2385,151.72
2025-02-11,1.0346,1.2423,152.37
2025-02-12,1.0392,1.2444,154.62
2025-02-13,1.0428,1.2528,153.18
2025-02-14,1.0498,1.2609,152.25
2025-02-18,1.0457,1.2614,151.79
2025-02-19,1.0406,1.2571,151.67
2025-02-20,1.0475,1.2643,149.63
2025-02-21,1.0455,1.2647,149.49
2025-02-24,1.0478,1.264,149.57
2025-02-25,1.0498,1.2652,149.09
2025-02-26,1.0514,1.2696,149.13
2025-02-27,1.0414,1.2628,149.8
2025-02-28,1.0402,1.2591,150.64
2025-03-03,1.0496,1.2711,150.16
2025-03-04,1.0534,1.2726,148.81
2025-03-05,1.0768,1.2864,148.82
2025-03-06,1.0818,1.2894,147.9
2025-03-07,1.0859,1.2918,147.13
2025-03-10,1.0837,1.2909,147.15
2025-03-11,1.0927,1.2948,147.48
2025-03-12,1.0925,1.297,148.32
2025-03-13,1.0859,1.2945,147.71
2025-03-14,1.0872,1.2917,148.51
2025-03-17,1.0922,1.2988,148.56
2025-03-18,1.0927,1.2987,149.49
2025-03-19,1.0877,1.2969,150.02
2025-03-20,1.0848,1.2973,148.84
2025-03-21,1.0806,1.2896,148.98
2025-03-24,1.0794,1.2913,150.74
2025-03-25,1.0804,1.2948,149.77
2025-03-26,1.0781,1.2889,150.69
2025-03-27,1.08,1.2963,150.97
2025-03-28,1.0826,1.2942,150.26
2025-03-31,1.0796,1.2896,149.9
2025-04-01,1.08,1.2923,149.4
2025-04-02,1.0868,1.2974,149.98
2025-04-03,1.1052,1.3113,146.04
2025-04-04,1.1014,1.2927,145.93
2025-04-07,1.0912,1.2729,147.96
2025-04-08,1.0912,1.2769,147.02
2025-04-09,1.104,1.2771,145.09
2025-04-10,1.1192,1.294,144.34
2025-04-11,1.1325,1.3051,143.57
2025-04-14,1.1358,1.3176,142.96
2025-04-15,1.129,1.3223,143.1
2025-04-16,1.1382,1.3247,142.56
2025-04-17,1.1364,1.3259,142.33
2025-04-18,1.139,1.3279,142.22
2025-04-21,1.1508,1.3385,140.81
2025-04-22,1.1466,1.3376,140.87
2025-04-23,1.135,1.3256,142.64
2025-04-24,1.1363,1.3309,142.64
2025-04-25,1.1381,1.3331,143.75
2025-04-28,1.1387,1.3395,142.7
2025-04-29,1.1396,1.3397,142.29
2025-04-30,1.1349,1.3344,142.63
2025-05-01,1.1279,1.3273,145.48
2025-05-02,1.133,1.3283,144.52
2025-05-05,1.1315,1.3284,143.98
2025-05-06,1.1345,1.3369,142.76
2025-05-07,1.1348,1.3344,143.47
2025-05-08,1.1249,1.3287,145.46
2025-05-09,1.127,1.3318,145.15
2025-05-12,1.1106,1.3194,148.09
2025-05-13,1.1176,1.328,147.75
2025-05-14,1.1206,1.3303,146.54
2025-05-15,1.1189,1.3292,145.61
2025-05-16,1.1141,1.3257,146.02
2025-05-19,1.1236,1.3357,144.99
2025-05-20,1.1254,1.3371,144.72
2025-05-21,1.1343,1.3447,143.68
2025-05-22,1.1281,1.3426,143.89
2025-05-23,1.135,1.3511,142.61
2025-05-27,1.1326,1.3505,144.37
2025-05-28,1.1286,1.3462,145.04
2025-05-29,1.137,1.3489,144.09
2025-05-30,1.1347,1.3468,144.18
2025-06-02,1.1432,1.3549,142.76
2025-06-03,1.1373,1.352,143.93
2025-06-04,1.1424,1.357,142.91
2025-06-05,1.144,1.3584,143.87
2025-06-06,1.1397,1.3532,144.87
2025-06-09,1.1425,1.3563,144.37
2025-06-10,1.1423,1.3508,144.91
2025-06-11,1.149,1.3556,144.48
2025-06-12,1.1578,1.3589,143.64
2025-06-13,1.1557,1.3594,144.04
2025-06-16,1.1581,1.36,144.14
2025-06-17,1.1535,1.3516,145.04
2025-06-18,1.1521,1.3471,144.58
2025-06-20,1.152,1.3465,145.92
2025-06-23,1.1538,1.3491,146.47
2025-06-24,1.1608,1.3616,144.9
2025-06-25,1.162,1.3626,145.59
2025-06-26,1.1717,1.3754,144.34
2025-06-27,1.1724,1.372,144.74
2025-06-30,1.177,1.3722,144.17
2025-07-01,1.1776,1.3728,143.58
2025-07-02,1.179,1.3623,143.76
2025-07-03,1.1758,1.3656,144.96
2025-07-07,1.1733,1.3638,145.86
2025-07-08,1.1707,1.3575,146.81
2025-07-09,1.1707,1.3585,146.53
2025-07-10,1.1688,1.3569,146.46
2025-07-11,1.1696,1.3503,147.29
2025-07-14,1.1672,1.3437,147.69
2025-07-15,1.1619,1.3396,148.75
2025-07-16,1.1629,1.3426,148.08
2025-07-17,1.1597,1.3413,148.55
2025-07-18,1.1645,1.3439,148.55
2025-07-21,1.1705,1.3498,147.27
2025-07-22,1.1749,1.3522,146.36
2025-07-23,1.1748,1.3566,146.55
2025-07-24,1.1765,1.3524,146.92
2025-07-25,1.173,1.3429,147.77
2025-07-28,1.1609,1.3393,148.45
2025-07-29,1.1534,1.3339,148.57
2025-07-30,1.147,1.3274,149.07
2025-07-31,1.1431,1.322,150.6
2025-08-01,1.1555,1.3259,148.06
2025-08-04,1.1568,1.329,147.09
2025-08-05,1.158,1.3309,147.49
2025-08-06,1.1647,1.336,147.25
2025-08-07,1.1641,1.3434,147.35
2025-08-08,1.166,1.3444,147.7
2025-08-11,1.1607,1.3414,147.99
2025-08-12,1.1673,1.3509,147.8
2025-08-13,1.1715,1.3572,147.25
2025-08-14,1.1644,1.3532,147.69
2025-08-15,1.1708,1.3565,147.0
2025-08-18,1.1667,1.3521,147.76
2025-08-19,1.166,1.3496,147.72
2025-08-20,1.1649,1.345,147.19
2025-08-21,1.1605,1.3417,148.35
2025-08-22,1.1713,1.3528,146.82
2025-08-25,1.167,1.3491,147.61
2025-08-26,1.1657,1.3485,147.3
2025-08-27,1.1611,1.3468,147.75
2025-08-28,1.1672,1.3516,146.98
2025-08-29,1.1695,1.3511,146.9
2025-09-02,1.1653,1.3392,148.23
2025-09-03,1.1676,1.3448,147.97
2025-09-04,1.1648,1.3441,148.63
2025-09-05,1.1759,1.3543,146.84
2025-09-08,1.1751,1.355,147.58
2025-09-09,1.1723,1.3533,147.23
2025-09-10,1.1714,1.3548,147.37
2025-09-11,1.1732,1.3568,147.17
2025-09-12,1.1714,1.3547,147.85
2025-09-15,1.1772,1.3609,147.27
2025-09-16,1.1848,1.3654,146.56
2025-09-17,1.1845,1.3661,146.36
2025-09-18,1.178,1.3552,148.02
2025-09-19,1.1753,1.3484,147.83
2025-09-22,1.1773,1.3505,147.83
2025-09-23,1.18,1.3518,147.83
2025-09-24,1.1742,1.345,148.71
2025-09-25,1.1673,1.3351,149.78
2025-09-26,1.1692,1.3404,149.52
2025-09-29,1.173,1.3433,148.57
2025-09-30,1.1735,1.3443,147.97
2025-10-01,1.1723,1.3474,147.16
2025-10-02,1.1696,1.3423,147.35
2025-10-03,1.1747,1.3481,147.33
2025-10-06,1.1707,1.3476,150.02
2025-10-07,1.1674,1.3441,151.17
2025-10-08,1.1606,1.339,152.72
2025-10-09,1.1559,1.3312,153.05
2025-10-10,1.1613,1.3343,151.94
2025-10-14,1.1608,1.3321,151.77
2025-10-15,1.1638,1.3396,151.21
2025-10-16,1.1665,1.3425,150.75
2025-10-17,1.1674,1.3425,150.33
2025-10-20,1.1656,1.342,150.59
2025-10-21,1.1616,1.3391,151.72
2025-10-22,1.1612,1.3372,151.79
2025-10-23,1.1612,1.3323,152.72
2025-10-24,1.1626,1.3298,152.82
2025-10-27,1.1636,1.3331,153.09
2025-10-28,1.1659,1.328,152.14
2025-10-29,1.1664,1.3243,151.91
2025-10-30,1.1564,1.3147,154.17
2025-10-31,1.1541,1.3141,154.05
2025-11-03,1.1531,1.315,154.13
2025-11-04,1.1491,1.3044,153.55
2025-11-05,1.1485,1.3051,154.11
2025-11-06,1.1539,1.3107,152.97
2025-11-07,1.1578,1.3165,153.06
2025-11-10,1.1545,1.3157,153.99
2025-11-12,1.1592,1.3131,154.64
2025-11-13,1.1649,1.3214,154.4
2025-11-14,1.1617,1.3156,154.64
2025-11-17,1.1598,1.3179,155.2
2025-11-18,1.1579,1.3152,155.44
2025-11-19,1.154,1.3077,156.63
2025-11-20,1.1534,1.3079,157.41
2025-11-21,1.1506,1.31,156.58
2025-11-24,1.1518,1.3096,156.94
2025-11-25,1.1553,1.3174,156.3
2025-11-26,1.1591,1.3228,156.38
2025-11-28,1.16,1.3239,156.17
2025-12-01,1.1623,1.3229,155.28
2025-12-02,1.1596,1.3186,155.92
2025-12-03,1.166,1.3334,155.17
2025-12-04,1.1659,1.3355,154.9
2025-12-05,1.1635,1.3324,155.3
2025-12-08,1.1626,1.3321,155.89
2025-12-09,1.1639,1.332,156.85
2025-12-10,1.165,1.334,156.33
2025-12-11,1.1756,1.3428,155.15
2025-12-12,1.1731,1.3351,155.81
2025-12-15,1.1756,1.338,155.29
2025-12-16,1.177,1.3429,154.8
2025-12-17,1.1748,1.339,155.6
2025-12-18,1.1729,1.3389,155.53
2025-12-19,1.1721,1.3379,157.43
2025-12-22,1.175,1.3457,156.93
2025-12-23,1.1776,1.3485,156.33
2025-12-24,1.178,1.3505,155.83
2025-12-26,1.1766,1.3492,156.63
2025-12-29,1.1756,1.3497,156.1
2025-12-30,1.1765,1.348,156.26
2025-12-31,1.1736,1.3447,156.8
2026-01-02,1.1738,1.3481,156.72
2026-01-05,1.1715,1.3527,156.32
2026-01-06,1.1689,1.3497,156.7
2026-01-07,1.169,1.3474,156.73
2026-01-08,1.1655,1.343,156.9
2026-01-09,1.1634,1.3413,158.07
2026-01-12,1.1672,1.3466,158.15
2026-01-13,1.1646,1.3436,159.06
2026-01-14,1.1655,1.3445,158.13
2026-01-15,1.1605,1.3387,158.5
2026-01-16,1.1599,1.3384,158.02
2026-01-20,1.1739,1.3472,157.89
2026-01-21,1.1705,1.343,158.16
2026-01-22,1.1738,1.3489,158.36
2026-01-23,1.1771,1.359,157.57
2026-01-26,1.1886,1.3699,153.88
2026-01-27,1.198,1.3782,153.03
2026-01-28,1.1941,1.3787,153.6
2026-01-29,1.1943,1.3795,152.88
2026-01-30,1.1885,1.3729,154.34
2026-02-02,1.1807,1.3654,155.5
2026-02-03,1.1819,1.3701,155.7
2026-02-04,1.1803,1.3659,156.61
2026-02-05,1.1802,1.3551,156.91
2026-02-06,1.1812,1.3606,157.1
2026-02-09,1.1898,1.3667,156.08
2026-02-10,1.1898,1.3664,154.28
2026-02-11,1.1884,1.3654,152.93
2026-02-12,1.187,1.3632,152.64
2026-02-13,1.187,1.3644,152.77
2026-02-17,1.1831,1.354,153.57
2026-02-18,1.181,1.3536,154.45
2026-02-19,1.1762,1.3446,154.96
2026-02-20,1.1781,1.35,154.99
2026-02-23,1.1804,1.3509,154.3
2026-02-24,1.1789,1.3531,155.66
2026-02-25,1.1804,1.3552,156.3
2026-02-26,1.1792,1.3504,156.13
2026-02-27,1.1822,1.3455,156.05
2026-03-02,1.169,1.3393,157.48
2026-03-03,1.1604,1.333,157.69
2026-03-04,1.1638,1.337,156.93
2026-03-05,1.1585,1.332,157.58
2026-03-06,1.1606,1.3398,157.64
2026-03-09,1.1592,1.3395,158.08
2026-03-10,1.1648,1.346,157.6
2026-03-11,1.1566,1.3399,158.83
2026-03-12,1.1522,1.335,159.21
2026-03-13,1.1444,1.324,159.54
2026-03-16,1.1487,1.3302,159.3
2026-03-17,1.1525,1.3345,159.03
2026-03-18,1.1513,1.3323,159.48
2026-03-19,1.1515,1.3361,158.19
2026-03-20,1.1543,1.3303,159.26
2026-03-23,1.1587,1.3385,158.7
2026-03-24,1.1578,1.3383,158.9
2026-03-25,1.157,1.3373,159.2
2026-03-26,1.1542,1.3353,159.65
2026-03-27,1.152,1.3293,160.16
2026-03-30,1.1454,1.3191,159.49
2026-03-31,1.1518,1.3184,159.08
2026-04-01,1.1614,1.3331,158.63
2026-04-02,1.1546,1.3241,159.34
2026-04-03,1.1523,1.3202,159.64
2026-04-06,1.1545,1.3235,159.71
2026-04-07,1.1571,1.324,159.9
2026-04-08,1.1686,1.3439,158.39
2026-04-09,1.1706,1.3443,158.87
2026-04-10,1.1723,1.346,159.22
2026-04-13,1.171,1.3459,159.74
2026-04-14,1.1791,1.3563,158.91
2026-04-15,1.1799,1.3569,159.02
2026-04-16,1.1783,1.354,159.07
2026-04-17,1.1801,1.3556,158.1
2026-04-20,1.1785,1.3542,158.66
2026-04-21,1.1752,1.3512,159.39
2026-04-22,1.1714,1.3505,159.49
2026-04-23,1.1704,1.3495,159.44
2026-04-24,1.1718,1.3518,159.35
2026-04-27,1.1731,1.3553,159.29
2026-04-28,1.1715,1.3513,159.53
2026-04-29,1.1695,1.3493,160.23
2026-04-30,1.1729,1.358,156.66
2026-05-01,1.1755,1.3621,156.76
2026-05-04,1.1698,1.3535,157.21
2026-05-05,1.1707,1.3576,157.68
2026-05-06,1.1753,1.3597,156.44
2026-05-07,1.1764,1.3612,156.48
2026-05-08,1.1773,1.3625,156.64
2026-05-11,1.178,1.3651,157.04
2026-05-12,1.1733,1.3528,157.71
2026-05-13,1.1711,1.352,157.84
2026-05-14,1.1678,1.348,158.08
2026-05-15,1.1627,1.3332,158.69
2026-05-18,1.1649,1.342,158.83
2026-05-19,1.1602,1.3401,159.11
2026-05-20,1.162,1.3441,158.84
2026-05-21,1.1589,1.3407,159.16
2026-05-22,1.1603,1.3439,159.2
2026-05-26,1.162,1.3437,159.36
2026-05-27,1.1631,1.3431,159.47
2026-05-28,1.1649,1.3438,159.29
2026-05-29,1.1679,1.3476,159.23
2026-06-01,1.1624,1.3451,159.66
2026-06-02,1.1642,1.3481,159.86
2026-06-03,1.1605,1.3435,159.97
2026-06-04,1.1629,1.3441,159.97
2026-06-05,1.1533,1.336,160.26
2026-06-08,1.1545,1.3347,160.12
2026-06-09,1.1556,1.3389,160.23
2026-06-10,1.155,1.3392,160.47
2026-06-11,1.1515,1.3337,160.51
2026-06-12,1.1573,1.3414,160.24
2026-06-15,1.1599,1.3426,160.2
2026-06-16,1.1615,1.3438,160.39
2026-06-17,1.1593,1.34,160.22
2026-06-18,1.147,1.3228,161.37
